qseqid	sseqid	pident	length	mismatch	gapopen	qstart	qend	sstart	send	evalue	bitscore
pid|0000000000100201054|tx|10020|	crb:17897825	0.685	400	125	0	10	409	12	409	2.153e-188	584
pid|0000000000100201093|tx|10020|	aly:9310005	0.449	395	215	0	35	426	12	406	8.000999999999999e-105	344
pid|0000000000100201093|tx|10020|	ath:AT5G19180	0.451	395	215	0	35	426	12	406	8.000999999999999e-105	344
pid|0000000000100201129|tx|10020|	ath:AT3G03750	0.322	261	172	0	30	290	100	354	2.9879999999999997e-37	140
pid|0000000000100201206|tx|10020|	aly:9320268	0.531	398	186	0	46	442	20	417	2.8819999999999997e-134	430
pid|0000000000100201206|tx|10020|	csat:104701729	0.526	398	188	0	46	442	20	417	2.8819999999999997e-134	430
pid|0000000000100201206|tx|10020|	ath:AT2G20420	0.528	398	187	0	46	442	20	417	2.8819999999999997e-134	430
pid|0000000000100201206|tx|10020|	crb:17893189	0.528	398	187	0	46	442	20	417	2.8819999999999997e-134	430
pid|0000000000100201344|tx|10020|	ath:AT1G77590	0.463	687	367	0	33	717	4	690	5.780999999999999e-194	616
pid|0000000000100201451|tx|10020|	crb:17879711	0.501	331	163	0	51	381	40	367	7.151e-104	338
pid|0000000000100201537|tx|10020|	ath:AT2G40600	0.455	183	97	0	60	238	70	252	7.231e-39	149
pid|0000000000100201544|tx|10020|	aly:9304552	0.569	677	278	0	33	709	94	739	2.525e-263	817
pid|0000000000100201546|tx|10020|	aly:9302760	0.657	426	143	0	40	457	28	453	3.419e-186	580
pid|0000000000100201546|tx|10020|	crb:17875342	0.654	426	144	0	40	457	32	457	3.419e-186	580
pid|0000000000100201805|tx|10020|	ath:AT1G02100	0.387	294	178	0	26	319	11	302	5.653e-59	205
pid|0000000000100201828|tx|10020|	crb:17892502	0.503	282	140	0	269	550	2	283	7.263e-83	284
pid|0000000001002018949|tx|10020|	ath:AT3G23510	0.252	262	185	0	67	328	1	248	2.9e-5	44
pid|0000000000100206733|tx|10020|	csat:104704285	0.35	460	231	0	15	370	37	496	1.785e-84	281
pid|0000000000100209465|tx|10020|	ath:AT2G30920	0.444	250	138	0	84	333	66	315	1.25e-65	226
pid|0000000000100209465|tx|10020|	aly:9315354	0.434	250	140	0	84	333	68	316	1.25e-65	226
pid|0000000001002016199|tx|10020|	csat:104708256	0.456	194	104	0	67	260	5	197	7.513999999999999e-54	187
pid|0000000001002016199|tx|10020|	csat:104708259	0.456	194	104	0	67	260	5	197	7.513999999999999e-54	187
pid|0000000000100203063|tx|10020|	crb:17896815	0.269	477	335	0	9	485	20	478	5.274999999999999e-36	143
pid|0000000000100203124|tx|10020|	crb:17878442	0.286	321	216	0	76	396	6	308	5.539e-25	106
pid|0000000000100203124|tx|10020|	csat:104716785	0.289	321	215	0	76	396	6	308	5.539e-25	106
pid|0000000000100203132|tx|10020|	crb:17884374	0.458	163	87	0	18	178	8	170	1.6309999999999998e-41	147
pid|0000000000100202953|tx|10020|	crb:111829529	0.327	637	421	0	2	628	42	678	6.036e-87	301
pid|0000000000100202956|tx|10020|	crb:17897761	0.39	297	171	0	40	321	16	312	2.542e-57	200
pid|0000000000100202282|tx|10020|	aly:9330628	0.687	397	123	0	1	397	15	409	1.057e-189	587
pid|0000000000100202282|tx|10020|	ath:AT1G54340	0.687	397	123	0	1	397	15	409	1.057e-189	587
pid|0000000000100202405|tx|10020|	csat:104708507	0.349	249	158	0	16	264	9	252	4.431e-38	143
pid|0000000000100204538|tx|10020|	csat:104711193	0.315	285	189	0	7	291	27	303	5.901e-33	127
pid|0000000000100205462|tx|10020|	aly:9309748	0.441	303	156	0	4	283	10	312	3.928e-73	244
pid|0000000000100205462|tx|10020|	ath:AT5G14600	0.439	302	156	0	5	283	11	312	3.928e-73	244
pid|0000000000100202648|tx|10020|	ath:AT4G19860	0.24	297	187	0	123	369	104	400	2.373e-16	79
pid|0000000000100202796|tx|10020|	csat:104725917	0.382	391	239	0	59	446	23	413	6.080999999999999e-86	289
pid|0000000000100202866|tx|10020|	aly:9317213	0.593	401	162	0	28	428	30	428	1.0129999999999998e-158	499
pid|0000000000100204314|tx|10020|	ath:AT4G34570	0.677	239	77	0	2	240	314	552	2.9470000000000003e-116	366
pid|0000000000100205410|tx|10020|	crb:17891676	0.335	302	198	0	39	340	110	408	5.2939999999999996e-39	147
pid|0000000001002018804|tx|10020|	csat:104704051	0.514	476	227	0	2	470	5	480	1.9369999999999999e-149	475
pid|0000000000100204897|tx|10020|	crb:17890678	0.565	338	146	0	24	361	17	353	5.326e-130	413
pid|0000000000100206161|tx|10020|	ath:AT3G55610	0.421	711	409	0	63	770	8	718	7.466999999999999e-160	519
pid|0000000000100203758|tx|10020|	ath:AT5G24330	0.394	76	45	0	866	940	9	84	2.725e-13	72
pid|0000000000100203758|tx|10020|	aly:9310257	0.394	76	45	0	866	940	9	84	2.725e-13	72
pid|0000000000100203758|tx|10020|	crb:17884103	0.306	132	82	0	868	986	46	177	2.725e-13	72
pid|0000000000100205302|tx|10020|	csat:104713551	0.421	269	146	0	10	262	19	287	7.924e-56	203
pid|0000000000100206710|tx|10020|	crb:17890955	0.366	519	317	0	23	523	69	587	6.588999999999999e-89	301
pid|0000000000100206710|tx|10020|	aly:9326308	0.409	402	235	0	8	405	84	485	6.588999999999999e-89	301
pid|0000000000100205810|tx|10020|	crb:17884782	0.327	471	263	0	84	475	3	473	2.234e-76	263
pid|0000000000100205833|tx|10020|	aly:9309722	0.358	381	239	0	19	391	33	413	2.6809999999999998e-68	235
pid|0000000000100206380|tx|10020|	aly:9303116	0.319	306	206	0	20	322	2	307	5.014e-40	149
pid|0000000000100206426|tx|10020|	ath:AT5G27650	0.264	246	172	0	86	320	168	413	6.807e-11	64
pid|0000000001002011336|tx|10020|	ath:AT4G13430	0.288	333	229	0	138	470	177	499	4.978e-28	119
pid|0000000001002011336|tx|10020|	crb:17880239	0.291	333	228	0	138	470	180	502	4.978e-28	119
pid|0000000000100206899|tx|10020|	aly:9302946	0.448	498	261	0	1	498	1	474	9.989e-135	434
pid|0000000000100206960|tx|10020|	csat:104706124	0.466	325	166	0	123	447	41	352	1.821e-83	286
pid|0000000000100207044|tx|10020|	csat:104724423	0.525	328	154	0	5	329	58	385	1.261e-107	347
pid|0000000000100207111|tx|10020|	csat:104719332	0.372	293	181	0	15	307	39	328	1.317e-56	198
pid|0000000000100207149|tx|10020|	crb:17882343	0.509	538	263	0	25	562	49	584	1.5309999999999999e-183	579
pid|0000000000100207149|tx|10020|	ath:AT5G25880	0.509	538	263	0	25	562	49	584	1.5309999999999999e-183	579
pid|0000000000100203521|tx|10020|	crb:17881231	0.405	286	167	0	45	330	35	316	1.024e-61	213
pid|0000000000100203545|tx|10020|	crb:17888772	0.377	750	431	0	8	700	31	780	1.025e-146	479
pid|0000000000100208702|tx|10020|	ath:AT5G44450	0.416	221	124	0	9	222	32	252	1.302e-55	190
pid|0000000000100208702|tx|10020|	crb:17876613	0.413	220	125	0	9	222	33	252	1.302e-55	190
pid|0000000000100208829|tx|10020|	csat:104725133	0.464	394	207	0	7	400	99	485	3.227e-117	378
pid|0000000000100208847|tx|10020|	ath:AT1G77670	0.38	432	247	0	19	450	35	433	3.575e-84	284
pid|0000000000100208863|tx|10020|	crb:17898486	0.362	178	113	0	34	211	90	267	1.0820000000000002e-25	103
pid|0000000000100209781|tx|10020|	ath:AT5G65860	0.407	132	75	0	39	170	134	260	4.039e-22	93
pid|0000000000100208990|tx|10020|	aly:9299043	0.475	290	146	0	2	291	5	283	2.397e-83	275
pid|0000000000100209009|tx|10020|	crb:17882618	0.283	794	508	0	25	733	32	825	1.021e-83	293
pid|0000000000100209123|tx|10020|	crb:17876959	0.524	349	163	0	37	380	37	385	1.0669999999999999e-117	384
pid|0000000000100209123|tx|10020|	aly:9299496	0.527	349	162	0	37	380	37	385	1.0669999999999999e-117	384
pid|0000000000100209257|tx|10020|	csat:104706990	0.597	476	190	0	31	503	35	510	3.691e-190	594
pid|0000000000100209280|tx|10020|	ath:AT1G73600	0.256	180	118	0	63	242	269	428	2.229e-7	49
pid|0000000000100209280|tx|10020|	crb:17894561	0.254	180	119	0	63	242	282	441	2.229e-7	49
pid|0000000000100209285|tx|10020|	csat:104711352	0.255	553	410	0	11	563	90	640	1.127e-42	164
pid|0000000001002017436|tx|10020|	ath:AT5G09790	0.344	118	69	0	99	216	46	151	7.617e-14	74
pid|0000000000100209506|tx|10020|	csat:104710332	0.387	487	289	0	12	498	51	523	3.202e-97	325
pid|0000000000100209537|tx|10020|	csat:104706801	0.532	244	108	0	9	252	16	247	1.727e-83	273
pid|0000000000100209537|tx|10020|	aly:9308199	0.526	244	109	0	9	252	17	247	1.727e-83	273
pid|0000000000100209537|tx|10020|	crb:17883398	0.53	244	108	0	9	252	17	247	1.727e-83	273
pid|0000000000100209562|tx|10020|	crb:111832567	0.612	330	127	0	3	332	4	332	1.427e-126	401
pid|0000000001002010553|tx|10020|	aly:9321144	0.4	288	168	0	27	314	4	284	3.003e-58	202
pid|0000000001002010501|tx|10020|	crb:17896886	0.328	260	159	0	13	250	15	274	5.087e-27	108
pid|0000000001002010519|tx|10020|	ath:AT5G47680	0.348	311	182	0	28	307	17	327	8.526999999999999e-51	181
pid|0000000001002010400|tx|10020|	aly:9320585	0.265	183	120	0	1336	1518	508	671	3.58e-5	46
pid|0000000000100204087|tx|10020|	crb:17892985	0.309	227	155	0	171	397	262	486	1.381e-25	109
pid|0000000000100204087|tx|10020|	aly:9321017	0.31	226	154	0	172	397	273	496	1.381e-25	109
pid|0000000000100209950|tx|10020|	ath:AT5G27870	0.408	123	67	0	1	114	606	728	2.001e-13	70
pid|0000000001002016063|tx|10020|	aly:9311022	0.308	460	312	0	16	475	5	456	2.201e-57	206
pid|0000000001002017364|tx|10020|	ath:AT5G10920	0.421	453	261	0	2	453	54	506	1.096e-110	362
pid|0000000001002017330|tx|10020|	crb:17877545	0.48	179	92	0	5	181	117	295	8.226999999999999e-51	174
pid|0000000001002017330|tx|10020|	aly:9326354	0.48	179	92	0	5	181	118	296	8.226999999999999e-51	174
pid|0000000001002010373|tx|10020|	csat:104717575	0.504	320	150	0	158	477	337	640	3.84e-82	285
pid|0000000000010020378|tx|10020|	crb:17886001	0.274	308	219	0	29	336	22	324	6.2350000000000004e-21	97
pid|0000000001002010990|tx|10020|	aly:9305992	0.445	316	174	0	28	343	26	339	1.575e-75	254
pid|0000000001002011138|tx|10020|	ath:AT1G24360	0.409	242	137	0	4	235	78	319	7.568e-50	174
pid|0000000001002011237|tx|10020|	ath:AT1G77670	0.38	412	236	0	42	453	58	439	3.1220000000000004e-84	284
pid|0000000001002011497|tx|10020|	aly:9301055	0.369	337	205	0	60	396	89	414	2.003e-58	206
pid|0000000001002011517|tx|10020|	crb:17880878	0.5	332	164	0	4	331	20	351	1.779e-105	340
pid|0000000001002011645|tx|10020|	crb:17890414	0.5	325	148	0	3	299	8	332	7.099999999999999e-105	338
pid|0000000001002011654|tx|10020|	csat:104702412	0.534	462	206	0	435	896	148	590	1.534e-148	491
pid|0000000001002012544|tx|10020|	ath:AT2G43100	0.461	52	27	0	767	817	139	190	9.308e-5	43
pid|0000000001002012567|tx|10020|	ath:AT1G79870	0.366	255	160	0	70	322	54	308	1.071e-43	160
pid|0000000001002012567|tx|10020|	crb:17894111	0.366	255	160	0	70	322	54	308	1.071e-43	160
pid|0000000001002012611|tx|10020|	aly:9323651	0.417	304	175	0	40	343	73	373	9.602e-62	214
pid|0000000001002012698|tx|10020|	aly:9311386	0.378	434	269	0	10	443	3	436	1.2050000000000001e-90	303
pid|0000000001002011769|tx|10020|	aly:9303386	0.47	608	320	0	33	637	35	642	3.5029999999999993e-179	569
pid|0000000001002011769|tx|10020|	ath:AT4G31120	0.472	608	319	0	33	637	35	642	3.5029999999999993e-179	569
pid|0000000001002011857|tx|10020|	crb:17877590	0.362	224	138	0	41	257	33	256	1.372e-40	148
pid|0000000001002011857|tx|10020|	csat:104721404	0.362	224	138	0	41	257	34	257	1.372e-40	148
pid|0000000001002011857|tx|10020|	csat:104729834	0.362	224	138	0	41	257	34	257	1.372e-40	148
pid|0000000001002011988|tx|10020|	crb:17884103	0.289	206	134	0	260	448	65	270	4.039e-13	72
pid|0000000001002011988|tx|10020|	csat:104708138	0.289	206	134	0	260	448	68	273	4.039e-13	72
pid|0000000001002012004|tx|10020|	crb:17892847	0.476	657	339	0	61	708	63	719	1.377e-198	629
pid|0000000001002012004|tx|10020|	aly:9319703	0.473	657	341	0	61	708	63	719	1.377e-198	629
pid|0000000001002012041|tx|10020|	crb:17892515	0.429	612	348	0	86	696	77	688	2.9369999999999995e-158	511
pid|0000000001002012049|tx|10020|	ath:AT2G26260	0.418	350	191	0	28	357	12	361	8.315e-79	264
pid|0000000001002012049|tx|10020|	aly:9315018	0.418	350	191	0	28	357	42	391	8.315e-79	264
pid|0000000001002012193|tx|10020|	csat:104718546	0.248	285	177	0	90	374	82	317	2.177e-5	44
pid|0000000001002012193|tx|10020|	crb:17877764	0.245	287	179	0	90	376	82	319	2.177e-5	44
pid|0000000001002015520|tx|10020|	crb:17879599	0.435	61	32	0	50	106	20	80	4.391e-5	43
pid|0000000000100204145|tx|10020|	aly:9310332	0.384	388	226	0	2	389	13	380	1.559e-73	250
pid|0000000000100204155|tx|10020|	csat:104716236	0.275	205	133	0	42	225	82	286	1.262e-10	62
pid|0000000000100203811|tx|10020|	aly:9308557	0.445	345	164	0	41	385	42	337	1.0959999999999998e-87	291
pid|0000000001002012741|tx|10020|	csat:104725532	0.522	219	103	0	38	256	63	278	2.922e-64	217
pid|0000000001002016039|tx|10020|	crb:17879784	0.59	271	110	0	15	284	1	271	1.5489999999999996e-105	338
pid|0000000001002016039|tx|10020|	csat:104721658	0.59	271	110	0	15	284	1	271	1.5489999999999996e-105	338
pid|0000000001002016039|tx|10020|	csat:104717011	0.59	271	110	0	15	284	1	271	1.5489999999999996e-105	338
pid|0000000001002017264|tx|10020|	aly:9320801	0.277	378	268	0	105	482	37	408	5.84e-27	114
pid|0000000001002018470|tx|10020|	aly:9305530	0.35	698	452	0	8	705	13	708	7.720999999999999e-129	426
pid|0000000001002017316|tx|10020|	aly:9302273	0.534	288	129	0	5	281	2	289	4.952999999999999e-95	307
pid|0000000001002017316|tx|10020|	csat:104726281	0.532	289	129	0	5	281	2	290	4.952999999999999e-95	307
pid|0000000001002012811|tx|10020|	csat:104723213	0.536	149	68	0	1	148	47	195	2.837e-50	174
pid|0000000001002012876|tx|10020|	aly:9327675	0.375	327	186	0	29	355	44	342	2.461e-59	207
pid|0000000001002012882|tx|10020|	aly:9304959	0.272	253	183	0	26	278	93	344	2.896e-19	86
pid|0000000001002012882|tx|10020|	csat:104729217	0.272	257	183	0	26	282	127	379	2.896e-19	86
pid|0000000001002013061|tx|10020|	csat:104723686	0.4	314	183	0	72	385	4	309	1.437e-62	224
pid|0000000001002013061|tx|10020|	crb:17878371	0.4	314	183	0	72	385	4	309	1.437e-62	224
pid|0000000001002013082|tx|10020|	ath:AT3G13440	0.441	197	107	0	20	211	47	243	5.066e-44	156
pid|0000000001002013177|tx|10020|	crb:17875908	0.383	275	166	0	4	273	36	310	2.677e-52	183
pid|0000000001002013177|tx|10020|	ath:AT5G61830	0.385	277	165	0	5	273	36	312	2.677e-52	183
pid|0000000001002013334|tx|10020|	ath:AT4G29510	0.563	348	151	0	25	371	43	390	7.694999999999999e-134	424
pid|0000000001002013596|tx|10020|	csat:104727046	0.346	204	129	0	95	298	135	332	8.629e-23	98
pid|0000000001002013596|tx|10020|	crb:17876270	0.359	201	124	0	95	295	138	331	8.629e-23	98
pid|0000000001002013687|tx|10020|	ath:AT1G16350	0.478	500	259	0	15	514	5	502	2.0269999999999997e-144	462
pid|0000000001002014724|tx|10020|	crb:17884046	0.32	157	95	0	269	408	572	728	1.635e-11	64
pid|0000000001002014788|tx|10020|	crb:17882338	0.525	374	173	0	205	578	303	668	1.4980000000000002e-116	384
pid|0000000001002019107|tx|10020|	crb:17893307	0.37	369	221	0	38	388	71	439	1.2109999999999998e-66	242
pid|0000000001002019112|tx|10020|	ath:AT5G53580	0.267	291	212	0	47	337	45	334	7.271e-27	111
pid|0000000001002014849|tx|10020|	ath:AT5G43940	0.694	370	113	0	4	372	6	375	6.261999999999999e-174	540
pid|0000000001002014637|tx|10020|	aly:9317447	0.371	251	155	0	995	1245	550	797	2.277e-43	171
pid|0000000001002014872|tx|10020|	crb:17892940	0.354	532	332	0	25	556	33	547	1.214e-91	310
pid|0000000001002015049|tx|10020|	ath:AT1G67730	0.409	262	152	0	50	308	51	312	4.342e-63	216
pid|0000000001002018891|tx|10020|	csat:104724441	0.538	479	220	0	65	542	35	513	9.713999999999999e-170	537
pid|0000000000100203425|tx|10020|	aly:9307505	0.485	105	53	0	10	114	76	179	3.644e-28	106
pid|0000000001002013789|tx|10020|	aly:9326080	0.431	190	101	0	4	181	72	261	4.935e-43	152
pid|0000000001002017674|tx|10020|	ath:AT2G13360	0.261	345	251	0	68	412	12	352	4.9330000000000003e-20	91
pid|0000000001002017674|tx|10020|	crb:17893108	0.258	345	252	0	68	412	12	352	4.9330000000000003e-20	91
pid|0000000001002014368|tx|10020|	ath:AT1G29900	0.39	1077	652	0	413	1482	89	1165	4.3169999999999994e-243	793
pid|0000000001002014547|tx|10020|	csat:104726910	0.34	285	180	0	4	288	38	310	1.0609999999999998e-46	171
pid|0000000001002017930|tx|10020|	crb:17876824	0.322	1203	771	0	388	1590	387	1524	1.63e-173	588
pid|0000000001002019095|tx|10020|	csat:104724414	0.445	280	148	0	189	456	9	288	1.906e-64	226
pid|0000000001002019095|tx|10020|	csat:104719715	0.443	279	149	0	189	456	11	289	1.906e-64	226
pid|0000000001002018955|tx|10020|	csat:104706625	0.674	320	101	0	37	346	25	344	3.443e-140	441
pid|0000000000000100201|tx|10020|	crb:17885535	0.312	530	343	0	73	602	5	503	9.572e-59	214
pid|0000000000001002092|tx|10020|	ath:AT3G29360	0.657	367	122	0	6	363	3	369	7.167999999999999e-160	500
pid|0000000000100201006|tx|10020|	csat:104726916	0.481	345	176	0	8	347	17	361	2.434e-103	335
pid|0000000001002016320|tx|10020|	ath:AT5G26180	0.393	444	258	0	9	452	108	533	8.841999999999998e-86	289
pid|0000000001002016329|tx|10020|	aly:9311912	0.621	318	120	0	16	333	78	395	6.915999999999999e-119	379
pid|0000000001002016417|tx|10020|	aly:9321418	0.449	342	174	0	45	360	80	421	1.7899999999999997e-86	287
pid|0000000001002016419|tx|10020|	csat:104722971	0.346	248	157	0	29	269	701	948	7.202e-40	151
pid|0000000001002016523|tx|10020|	crb:17893672	0.632	384	138	0	18	394	3	386	2.3509999999999996e-160	502
pid|0000000001002016523|tx|10020|	aly:9319125	0.632	384	138	0	18	394	3	386	2.3509999999999996e-160	502
pid|0000000001002016523|tx|10020|	ath:AT3G17390	0.632	384	138	0	18	394	3	386	2.3509999999999996e-160	502
pid|0000000001002016702|tx|10020|	csat:104702046	0.344	268	174	0	27	293	151	418	6.057e-40	148
pid|0000000001002016712|tx|10020|	aly:9307007	0.591	301	115	0	1	282	1	301	8.869999999999999e-115	366
pid|0000000001002016712|tx|10020|	csat:104708967	0.594	301	114	0	1	282	1	301	8.869999999999999e-115	366
pid|0000000001002016712|tx|10020|	crb:17882111	0.594	301	114	0	1	282	1	301	8.869999999999999e-115	366
pid|0000000001002016869|tx|10020|	ath:AT5G04970	0.339	109	58	0	792	900	24	111	6.795e-11	64
pid|0000000001002016874|tx|10020|	csat:104725570	0.304	271	173	0	8	278	66	314	4.9309999999999995e-31	121
pid|0000000001002018469|tx|10020|	crb:17890904	0.345	697	455	0	11	707	18	713	4.078e-126	418
pid|0000000001002015693|tx|10020|	crb:17893981	0.507	682	334	0	1	682	1	679	7.314999999999999e-223	698
pid|0000000001002017762|tx|10020|	aly:9308335	0.476	577	300	0	148	724	115	687	4.927999999999999e-166	535
pid|0000000001002017807|tx|10020|	csat:104706348	0.364	218	131	0	22	228	31	248	6.815e-38	139
pid|0000000001002017839|tx|10020|	crb:17897671	0.35	313	200	0	9	321	21	328	1.0929999999999998e-53	189
pid|0000000001002017871|tx|10020|	ath:AT3G06930	0.48	381	187	0	45	404	105	485	2.006e-112	370
pid|0000000001002019002|tx|10020|	crb:17891068	0.249	451	323	0	17	447	26	476	1.18e-42	162
pid|0000000001002019034|tx|10020|	ath:AT5G06460	0.452	1059	576	0	2	1053	14	1072	2.694e-295	927
pid|0000000000100208325|tx|10020|	csat:104712372	0.445	377	206	0	19	395	96	468	1.746e-98	323
pid|0000000000100203977|tx|10020|	ath:AT2G06925	0.329	83	52	0	33	115	47	124	3.089e-6	43
pid|0000000000100203977|tx|10020|	aly:9319809	0.329	83	52	0	33	115	47	124	3.089e-6	43
pid|0000000000100203945|tx|10020|	ath:AT5G57300	0.528	290	131	0	38	327	10	288	1.645e-93	305
pid|0000000001002018084|tx|10020|	ath:AT5G15810	0.419	521	296	0	54	564	9	529	2.6719999999999995e-128	422
pid|0000000001002018611|tx|10020|	crb:17889023	0.37	284	170	0	684	967	429	699	3.7359999999999996e-45	176
pid|0000000000100203354|tx|10020|	crb:17874899	0.327	116	77	0	42	157	120	234	2.105e-11	59
pid|0000000000100203354|tx|10020|	crb:17876532	0.438	57	31	0	72	128	154	210	2.105e-11	59
pid|0000000001002019399|tx|10020|	csat:104725863	0.232	443	332	0	75	507	1751	2193	5.18e-25	110
pid|0000000001002019427|tx|10020|	ath:AT1G72330	0.445	507	280	0	17	522	32	538	3.626e-141	453
pid|0000000001002017285|tx|10020|	aly:9307702	0.443	266	145	0	3	268	13	273	1.072e-64	221
pid|0000000001002020026|tx|10020|	aly:9310876	0.436	341	162	0	112	452	715	1003	3.369e-85	287
pid|0000000001002021191|tx|10020|	ath:AT3G04520	0.46	354	185	0	28	381	8	350	1.7369999999999999e-93	308
pid|0000000000100205253|tx|10020|	ath:AT1G25220	0.262	192	134	0	26	207	73	264	5.616e-11	63
pid|0000000000010020303|tx|10020|	crb:17896534	0.391	297	175	0	14	310	21	309	1.3310000000000002e-63	218
pid|0000000000100204097|tx|10020|	csat:104718575	0.296	524	358	0	838	1346	1289	1812	2.983999999999999e-54	207
pid|0000000000100204097|tx|10020|	crb:17880577	0.296	524	358	0	838	1346	1292	1815	2.983999999999999e-54	207
pid|0000000000100203585|tx|10020|	aly:9327244	0.311	224	153	0	22	245	88	310	1.7769999999999998e-29	115
pid|0000000000100201009|tx|10020|	aly:9328088	0.39	300	179	0	12	311	10	304	3.1880000000000004e-57	211
pid|0000000000100206727|tx|10020|	ath:AT4G35630	0.507	348	169	0	6	353	87	429	2.783e-110	355
pid|0000000000100206727|tx|10020|	csat:104729639	0.504	348	170	0	6	353	87	429	2.783e-110	355
pid|0000000001002020958|tx|10020|	csat:104703894	0.406	131	77	0	72	202	100	229	7.617e-27	107
pid|0000000000100205206|tx|10020|	aly:9302054	0.252	324	239	0	90	413	32	352	7.289000000000001e-26	109
pid|0000000000100207827|tx|10020|	ath:AT5G65010	0.358	544	343	0	1	536	1	544	5.59e-85	290
pid|0000000000010020444|tx|10020|	crb:17897569	0.367	348	194	0	368	675	57	404	1.392e-59	218
pid|0000000000000100907|tx|10090|	csat:104706745	0.326	153	87	0	1879	2031	31	160	1.071e-13	74
pid|0000000000010090582|tx|10090|	ath:AT5G65780	0.356	378	236	0	75	452	47	414	2.087e-59	211
pid|0000000000010090727|tx|10090|	aly:9302946	0.433	477	240	0	47	523	48	471	5.789000000000001e-122	398
pid|0000000000010090843|tx|10090|	ath:AT1G24909	0.261	197	137	0	21	207	14	210	1.38e-11	65
pid|0000000000010090843|tx|10090|	ath:AT1G25083	0.261	197	137	0	21	207	14	210	1.38e-11	65
pid|0000000000010090843|tx|10090|	ath:AT1G25155	0.261	197	137	0	21	207	14	210	1.38e-11	65
pid|0000000000010090843|tx|10090|	ath:AT1G25220	0.261	197	137	0	21	207	68	264	1.38e-11	65
pid|0000000000100901046|tx|10090|	ath:AT3G14390	0.263	369	268	0	39	402	81	449	3.415e-18	85
pid|0000000000100901135|tx|10090|	aly:9307267	0.365	248	157	0	27	274	5	252	2.536e-42	154
pid|0000000001009012616|tx|10090|	csat:104706348	0.36	218	132	0	22	228	31	248	1.503e-37	138
pid|0000000000100908356|tx|10090|	crb:17897569	0.378	349	197	0	392	708	55	403	6.31e-63	229
pid|0000000000100908407|tx|10090|	ath:AT2G40600	0.455	174	92	0	69	238	79	252	1.639e-37	146
pid|0000000000100908418|tx|10090|	csat:104725532	0.519	225	106	0	1	222	54	278	3.0199999999999997e-67	224
pid|0000000000100908421|tx|10090|	aly:9304294	0.227	554	418	0	180	721	58	611	8.701e-16	79
pid|0000000000100908437|tx|10090|	csat:104714106	0.309	133	84	0	1189	1321	546	667	2.993e-5	46
pid|0000000001009012686|tx|10090|	csat:104699368	0.311	105	70	0	12	114	27	131	4.114e-5	41
pid|0000000001009016050|tx|10090|	csat:104719332	0.358	310	196	0	15	324	39	345	1.317e-56	198
pid|0000000001009017981|tx|10090|	aly:9307514	0.424	452	259	0	2	452	54	505	1.494e-112	367
pid|0000000000100901450|tx|10090|	csat:104722971	0.366	215	129	0	28	232	701	915	1.526e-38	147
pid|0000000000100901453|tx|10090|	crb:17892502	0.503	282	140	0	268	549	2	283	7.051e-83	284
pid|0000000000100901531|tx|10090|	ath:AT5G04970	0.533	60	27	0	10	69	26	84	6.308e-13	70
pid|0000000000100901543|tx|10090|	csat:104710332	0.391	484	287	0	12	495	51	523	6.479e-99	330
pid|0000000000100901602|tx|10090|	crb:17886001	0.272	310	221	0	19	328	22	325	5.0000000000000005e-20	94
pid|0000000000100901711|tx|10090|	csat:104708138	0.311	134	82	0	872	991	47	180	2.21e-12	69
pid|0000000000100901718|tx|10090|	csat:104704051	0.504	476	232	0	2	470	5	480	4.646e-148	471
pid|0000000001009015899|tx|10090|	crb:17891068	0.268	450	299	0	14	423	26	475	1.384e-49	181
pid|0000000001009015899|tx|10090|	aly:9320156	0.274	451	298	0	13	423	25	475	1.384e-49	181
pid|0000000001009015903|tx|10090|	crb:17879784	0.597	271	108	0	1	270	1	271	3.8e-107	342
pid|0000000001009015903|tx|10090|	csat:104721658	0.597	271	108	0	1	270	1	271	3.8e-107	342
pid|0000000001009015903|tx|10090|	csat:104717011	0.597	271	108	0	1	270	1	271	3.8e-107	342
pid|0000000001009030640|tx|10090|	csat:104706942	0.39	414	243	0	9	422	55	454	2.349e-77	269
pid|0000000000100903178|tx|10090|	aly:9320840	0.344	300	194	0	26	325	110	406	1.7159999999999998e-39	148
pid|0000000001009023362|tx|10090|	aly:9310409	0.267	278	176	0	2416	2656	427	704	3.222e-10	63
pid|0000000000100904252|tx|10090|	aly:9307505	0.487	117	59	0	24	140	76	191	1.636e-32	119
pid|0000000000100904397|tx|10090|	ath:AT5G27870	0.305	178	117	0	1234	1411	564	732	5.042e-12	68
pid|0000000000100904744|tx|10090|	ath:AT2G13360	0.271	341	248	0	25	365	12	352	1.3349999999999999e-31	126
pid|0000000000100904744|tx|10090|	crb:17893108	0.268	341	249	0	25	365	12	352	1.3349999999999999e-31	126
pid|0000000000100904896|tx|10090|	csat:104725570	0.336	334	207	0	12	345	3	314	6.211999999999999e-53	188
pid|0000000000100906749|tx|10090|	crb:17894738	0.579	421	174	0	473	893	172	586	1.2929999999999998e-150	497
pid|0000000000100906887|tx|10090|	aly:9327675	0.354	371	220	0	94	464	1	342	2.907e-59	211
pid|0000000000100906185|tx|10090|	aly:9309326	0.463	1015	542	0	39	1053	64	1074	3.5959999999999995e-291	915
pid|0000000000100906269|tx|10090|	aly:9302054	0.25	324	240	0	90	413	32	352	6.745e-25	106
pid|0000000000100906269|tx|10090|	ath:AT5G53580	0.25	324	240	0	90	413	36	356	6.745e-25	106
pid|0000000000100905845|tx|10090|	csat:104703894	0.442	131	73	0	72	202	100	230	4.327e-32	121
pid|0000000000100908290|tx|10090|	crb:17889023	0.374	284	169	0	1076	1359	429	699	4.067e-45	177
pid|0000000001009020682|tx|10090|	ath:AT1G72330	0.45	508	277	0	14	521	34	538	3.2319999999999995e-142	456
pid|0000000000100905214|tx|10090|	ath:AT1G77670	0.379	403	231	0	43	445	58	430	7.531e-83	280
pid|0000000000100905290|tx|10090|	aly:9308335	0.438	619	346	0	81	697	71	689	5.145999999999999e-162	522
pid|0000000000100905448|tx|10090|	aly:9303558	0.301	215	143	0	123	337	144	348	1.175e-18	86
pid|0000000000100905592|tx|10090|	crb:17876824	0.304	1284	844	0	322	1605	309	1521	4.207999999999999e-170	578
pid|0000000000100905772|tx|10090|	ath:AT5G65860	0.34	148	83	0	39	186	134	260	2.949e-17	79
pid|0000000000100907866|tx|10090|	ath:AT5G14800	0.445	266	144	0	33	298	13	273	4.535e-65	223
pid|0000000000100907853|tx|10090|	crb:17897761	0.367	297	178	0	40	321	16	312	2.879e-55	194
pid|0000000001009010161|tx|10090|	aly:9321144	0.409	288	165	0	27	314	4	284	2.805e-59	205
pid|0000000000100907117|tx|10090|	crb:17896815	0.271	440	312	0	84	523	50	478	6.774e-35	140
pid|0000000001009010101|tx|10090|	crb:17890678	0.565	338	146	0	24	361	17	353	2.2049999999999996e-131	417
pid|0000000001009010101|tx|10090|	csat:104719378	0.564	338	146	0	24	361	17	353	2.2049999999999996e-131	417
pid|0000000001009010101|tx|10090|	csat:104724121	0.561	338	148	0	24	361	17	353	2.2049999999999996e-131	417
pid|0000000001009010103|tx|10090|	csat:104706124	0.46	325	168	0	122	446	41	352	8.738e-82	281
pid|0000000000100909648|tx|10090|	csat:104725551	0.462	394	208	0	7	400	99	485	1.4589999999999999e-117	379
pid|0000000000100909648|tx|10090|	csat:104725133	0.464	394	207	0	7	400	99	485	1.4589999999999999e-117	379
pid|0000000001009011443|tx|10090|	crb:17883675	0.381	388	227	0	2	389	13	380	7.762e-73	249
pid|0000000001009012439|tx|10090|	aly:9310005	0.481	402	204	0	35	436	12	406	4.663999999999999e-117	380
pid|0000000001009012439|tx|10090|	ath:AT5G19180	0.483	402	204	0	35	436	12	406	4.663999999999999e-117	380
pid|0000000001009018100|tx|10090|	aly:9307007	0.614	301	108	0	1	282	1	301	1.8719999999999994e-118	377
pid|0000000001009018100|tx|10090|	csat:104708967	0.617	301	108	0	1	282	1	301	1.8719999999999994e-118	377
pid|0000000001009018100|tx|10090|	crb:17882111	0.617	301	108	0	1	282	1	301	1.8719999999999994e-118	377
pid|0000000001009022330|tx|10090|	aly:9303476	0.581	327	137	0	68	394	64	390	9.962999999999999e-133	422
pid|0000000001009022330|tx|10090|	ath:AT4G29510	0.581	327	137	0	68	394	64	390	9.962999999999999e-133	422
pid|0000000000100908611|tx|10090|	csat:104727146	0.407	550	321	0	1	550	1	543	1.983e-113	374
pid|0000000000100908719|tx|10090|	csat:104702021	0.309	339	209	0	7	345	16	319	1.188e-35	137
pid|0000000000100909087|tx|10090|	csat:104713596	0.392	622	364	0	14	635	9	608	1.276e-125	413
pid|0000000001009011042|tx|10090|	ath:AT5G06460	0.444	1059	584	0	2	1053	14	1072	3.5959999999999995e-291	915
pid|0000000001009011049|tx|10090|	crb:17898747	0.621	470	175	0	6	468	3	472	2.518e-189	591
pid|0000000001009023400|tx|10090|	ath:AT1G16350	0.468	495	262	0	73	567	5	497	3.475e-140	454
pid|0000000000100909310|tx|10090|	aly:9303236	0.276	338	219	0	68	405	2	305	1.362e-24	105
pid|0000000000100909583|tx|10090|	ath:AT5G43940	0.694	370	113	0	4	372	6	375	6.848999999999998e-173	537
pid|0000000001009012747|tx|10090|	crb:17893981	0.503	681	337	0	1	681	1	679	8.927e-220	689
pid|0000000001009012753|tx|10090|	crb:111830519	0.524	206	96	0	43	244	97	302	6.967e-64	215
pid|0000000001009012757|tx|10090|	crb:17899743	0.405	252	145	0	6	257	73	317	3.543e-50	176
pid|0000000001009010367|tx|10090|	crb:17879888	0.231	366	252	0	48	376	33	398	6.421e-8	52
pid|0000000001009010457|tx|10090|	crb:17882467	0.538	536	247	0	15	549	49	584	3.078e-188	592
pid|0000000001009010457|tx|10090|	ath:AT5G11670	0.538	536	247	0	15	549	49	584	3.078e-188	592
pid|0000000001009010459|tx|10090|	ath:AT1G53240	0.582	323	135	0	11	333	16	338	2.8599999999999997e-120	383
pid|0000000001009010459|tx|10090|	crb:17900923	0.585	323	134	0	11	333	16	338	2.8599999999999997e-120	383
pid|0000000001009010459|tx|10090|	aly:9330491	0.582	323	135	0	11	333	16	338	2.8599999999999997e-120	383
pid|0000000001009010460|tx|10090|	crb:111832567	0.621	330	124	0	3	332	4	332	1.0959999999999998e-129	410
pid|0000000001009010556|tx|10090|	crb:17896142	0.438	313	175	0	30	342	58	370	3.882e-75	253
pid|0000000001009015484|tx|10090|	ath:AT5G57300	0.542	290	127	0	38	327	10	288	3.955e-92	301
pid|0000000001009016968|tx|10090|	crb:17884216	0.558	358	155	0	8	359	14	371	3.961e-130	413
pid|0000000001009016968|tx|10090|	aly:9307093	0.558	358	155	0	8	359	15	372	3.961e-130	413
pid|0000000001009016970|tx|10090|	crb:17897671	0.262	267	190	0	76	334	56	322	2.3729999999999998e-23	100
pid|0000000001009016971|tx|10090|	crb:17884782	0.329	471	262	0	79	470	3	473	4.458e-76	262
pid|0000000001009017941|tx|10090|	crb:17882273	0.436	266	147	0	3	268	13	273	2.284e-65	223
pid|0000000001009011784|tx|10090|	crb:17878442	0.268	321	221	0	76	396	6	308	5.146e-24	103
pid|0000000001009011906|tx|10090|	crb:17883398	0.546	244	104	0	10	253	17	247	1.2749999999999998e-86	282
pid|0000000001009011929|tx|10090|	ath:AT5G27650	0.231	216	165	0	19	234	98	313	1.345e-10	63
pid|0000000001009011980|tx|10090|	crb:17875342	0.628	442	158	0	18	459	33	457	4.4329999999999997e-184	574
pid|0000000001009012001|tx|10090|	ath:AT2G26260	0.413	350	193	0	29	358	12	361	9.273e-78	261
pid|0000000001009012001|tx|10090|	aly:9315018	0.413	350	193	0	29	358	42	391	9.273e-78	261
pid|0000000001009012077|tx|10090|	ath:AT2G06925	0.322	82	52	0	33	114	47	123	6.791e-5	39
pid|0000000001009012077|tx|10090|	aly:9319809	0.322	82	52	0	33	114	47	123	6.791e-5	39
pid|0000000001009020713|tx|10090|	crb:17884374	0.497	163	81	0	19	181	8	170	1.842e-41	147
pid|0000000001009020713|tx|10090|	csat:104705982	0.473	166	85	0	19	181	8	173	1.842e-41	147
pid|0000000001009025581|tx|10090|	aly:9304959	0.241	253	191	0	68	320	93	344	6.176000000000001e-20	89
pid|0000000001009018095|tx|10090|	aly:9302671	0.325	239	158	0	95	333	126	360	1.7729999999999998e-22	97
pid|0000000001009013269|tx|10090|	crb:17890955	0.376	519	312	0	23	523	69	587	2.45e-93	314
pid|0000000001009013280|tx|10090|	crb:17876959	0.485	436	224	0	1	436	8	443	4.569e-136	434
pid|0000000001009013280|tx|10090|	aly:9299496	0.495	427	215	0	10	436	17	443	4.569e-136	434
pid|0000000001009013476|tx|10090|	csat:104724441	0.522	468	223	0	35	501	35	502	2.4789999999999997e-161	511
pid|0000000001009013570|tx|10090|	ath:AT1G67730	0.388	283	171	0	28	308	30	312	1.968e-63	217
pid|0000000001009013598|tx|10090|	ath:AT3G55610	0.471	729	376	0	64	792	8	718	3.313e-197	629
pid|0000000001009013611|tx|10090|	csat:104720582	0.555	375	163	0	203	577	306	672	3.64e-138	447
pid|0000000001009013676|tx|10090|	csat:104719317	0.58	664	271	0	31	694	94	739	1.14e-265	823
pid|0000000001009013676|tx|10090|	aly:9304552	0.58	664	271	0	31	694	94	739	1.14e-265	823
pid|0000000001009013689|tx|10090|	ath:AT4G29510	0.56	348	152	0	25	371	43	390	3.783e-133	422
pid|0000000001009013708|tx|10090|	csat:104708265	0.707	297	86	0	50	346	48	341	2.8849999999999998e-142	447
pid|0000000001009013708|tx|10090|	csat:104706625	0.665	329	108	0	18	346	21	344	2.8849999999999998e-142	447
pid|0000000001009013933|tx|10090|	csat:104729758	0.639	305	108	0	8	307	271	575	5.21e-134	421
pid|0000000001009014096|tx|10090|	ath:AT3G06930	0.482	381	186	0	117	476	105	485	1.0289999999999998e-111	371
pid|0000000001009016539|tx|10090|	aly:9311386	0.376	434	270	0	10	443	3	436	2.335e-92	308
pid|0000000001009015582|tx|10090|	aly:9310876	0.402	345	175	0	87	431	710	1003	3.0199999999999998e-80	272
pid|0000000001009015373|tx|10090|	crb:17874899	0.432	230	126	0	17	239	5	234	4.994e-51	178
pid|0000000001009015384|tx|10090|	crb:17882921	0.431	197	109	0	20	211	15	211	4.6679999999999996e-45	159
pid|0000000001009016208|tx|10090|	crb:17899126	0.456	359	189	0	41	399	6	353	2.447e-94	311
pid|0000000001009018045|tx|10090|	ath:AT1G18640	0.5	226	112	0	1	224	70	295	2.24e-68	227
pid|0000000001009018074|tx|10090|	csat:104719715	0.416	289	164	0	222	503	1	289	7.458e-62	220
pid|0000000001009022480|tx|10090|	ath:AT3G05610	0.302	109	70	0	1371	1479	562	663	1.139e-4	46
pid|0000000001009014641|tx|10090|	csat:104723213	0.53	149	69	0	1	148	47	195	5.575e-50	173
pid|0000000001009014705|tx|10090|	aly:9326080	0.373	249	149	0	9	247	13	261	7.268e-50	175
pid|0000000001009014745|tx|10090|	aly:9316368	0.501	347	156	0	1	313	6	352	2.352e-110	353
pid|0000000001009017772|tx|10090|	aly:9299319	0.286	333	230	0	171	503	176	498	5.518e-28	119
pid|0000000001009017772|tx|10090|	ath:AT4G13430	0.282	333	231	0	171	503	177	499	5.518e-28	119
pid|0000000001009017772|tx|10090|	csat:104719113	0.286	333	230	0	171	503	177	499	5.518e-28	119
pid|0000000001009017772|tx|10090|	crb:17880239	0.285	333	230	0	171	503	180	502	5.518e-28	119
pid|0000000001009017731|tx|10090|	ath:AT1G79870	0.381	249	149	0	74	322	67	308	9.750999999999999e-46	166
pid|0000000001009017709|tx|10090|	aly:9309491	0.333	132	85	0	1655	1782	59	190	3.031e-12	69
pid|0000000001009015171|tx|10090|	csat:104726910	0.35	322	196	0	18	339	9	310	4.527e-51	187
pid|0000000001009015171|tx|10090|	ath:AT5G63010	0.357	322	192	0	18	339	9	308	4.527e-51	187
pid|0000000001009015217|tx|10090|	csat:104704285	0.35	454	227	0	49	398	43	496	4.673e-85	284
pid|0000000001009015245|tx|10090|	aly:9321634	0.282	136	89	0	67	202	1	125	1.437e-5	45
pid|0000000001009015245|tx|10090|	ath:AT3G23530	0.275	136	90	0	67	202	1	125	1.437e-5	45
pid|0000000001009015275|tx|10090|	csat:104713551	0.405	326	187	0	10	325	19	344	5.2559999999999993e-67	237
pid|0000000001009016393|tx|10090|	csat:104706990	0.599	478	190	0	29	503	33	510	4.019e-189	591
pid|0000000001009016416|tx|10090|	aly:9308557	0.445	345	164	0	41	385	42	337	2.419e-87	290
pid|0000000001009016531|tx|10090|	ath:AT4G35987	0.318	297	196	0	33	320	5	301	1.0939999999999999e-39	148
pid|0000000001009016531|tx|10090|	aly:9303116	0.321	297	195	0	33	320	9	305	1.0939999999999999e-39	148
pid|0000000001009017157|tx|10090|	crb:17883442	0.301	451	303	0	18	468	8	441	1.0239999999999998e-55	201
pid|0000000001009017158|tx|10090|	crb:17881231	0.402	291	167	0	32	311	26	316	5.025e-63	216
pid|0000000001009017489|tx|10090|	crb:17879599	0.435	61	32	0	52	108	20	80	4.391e-5	43
pid|0000000001009011171|tx|10090|	crb:17890130	0.453	309	162	0	4	312	7	303	5.305e-83	274
pid|0000000001009021837|tx|10090|	aly:9327244	0.29	224	158	0	22	245	88	310	1.957e-27	109
pid|0000000001009018590|tx|10090|	crb:17888772	0.377	790	459	0	1	737	1	790	1.8979999999999996e-147	482
pid|0000000001009018625|tx|10090|	csat:104723449	0.317	667	450	0	2	668	44	703	2.8249999999999996e-86	299
pid|0000000001009018740|tx|10090|	aly:9305992	0.492	319	154	0	25	328	22	340	2.4649999999999998e-92	302
pid|0000000001009018758|tx|10090|	ath:AT1G24360	0.409	242	136	0	4	234	78	319	7.283e-50	174
pid|0000000001009018854|tx|10090|	csat:104712372	0.432	377	211	0	18	394	96	468	7.045999999999998e-100	327
pid|0000000001009018948|tx|10090|	csat:104726916	0.479	345	177	0	8	347	17	361	5.389e-103	334
pid|0000000001009018948|tx|10090|	aly:9300220	0.479	345	177	0	8	347	17	361	5.389e-103	334
pid|0000000000100908515|tx|10090|	aly:9311013	0.276	787	516	0	25	738	31	817	5.266e-83	291
pid|0000000000100908515|tx|10090|	crb:17882618	0.284	794	511	0	25	738	32	825	5.266e-83	291
pid|0000000000100908515|tx|10090|	ath:AT4G02020	0.282	794	512	0	25	738	35	828	5.266e-83	291
pid|0000000001009020103|tx|10090|	ath:AT1G65060	0.294	499	334	0	111	609	87	560	9.05e-57	208
pid|0000000001009020362|tx|10090|	ath:AT2G30920	0.43	249	141	0	87	335	69	317	3.289e-62	216
pid|0000000001009020362|tx|10090|	aly:9315354	0.418	252	146	0	84	335	68	318	3.289e-62	216
pid|0000000001009020538|tx|10090|	aly:9330628	0.688	408	126	0	42	449	4	409	1.4939999999999997e-193	601
pid|0000000001009020538|tx|10090|	ath:AT1G54340	0.688	408	126	0	42	449	4	409	1.4939999999999997e-193	601
pid|0000000001009021224|tx|10090|	aly:9309748	0.45	303	155	0	4	285	10	312	7.999e-75	249
pid|0000000001009021246|tx|10090|	ath:AT4G35630	0.504	364	178	0	5	368	71	429	1.4110000000000002e-116	374
pid|0000000001009021246|tx|10090|	csat:104729639	0.501	364	179	0	5	368	71	429	1.4110000000000002e-116	374
pid|0000000001009021250|tx|10090|	crb:17877764	0.306	145	96	0	94	238	88	226	4.404e-5	43
pid|0000000001009021250|tx|10090|	aly:9304107	0.304	145	96	0	94	238	88	226	4.404e-5	43
pid|0000000001009021277|tx|10090|	aly:9303457	0.246	325	210	0	347	671	199	478	7.636e-12	66
pid|0000000001009021277|tx|10090|	ath:AT4G29840	0.24	325	212	0	347	671	199	478	7.636e-12	66
pid|0000000001009021277|tx|10090|	crb:17890512	0.24	325	212	0	347	671	202	481	7.636e-12	66
pid|0000000001009021277|tx|10090|	csat:104721878	0.24	325	212	0	347	671	202	481	7.636e-12	66
pid|0000000001009021277|tx|10090|	csat:104717215	0.24	325	212	0	347	671	202	481	7.636e-12	66
pid|0000000001009021417|tx|10090|	aly:9328088	0.376	306	187	0	6	311	5	304	1.5920000000000002e-58	215
pid|0000000001009021580|tx|10090|	aly:9326337	0.363	162	103	0	17	178	90	251	2.7730000000000004e-26	104
pid|0000000001009021580|tx|10090|	ath:AT1G18440	0.372	158	99	0	21	178	95	252	2.7730000000000004e-26	104
pid|0000000001009021732|tx|10090|	ath:AT4G29010	0.317	708	472	0	49	756	16	707	6.149e-103	351
pid|0000000001009021732|tx|10090|	crb:17878655	0.312	706	474	0	49	754	16	705	6.149e-103	351
pid|0000000001009021732|tx|10090|	csat:104721975	0.322	706	467	0	49	754	16	705	6.149e-103	351
pid|0000000001009021739|tx|10090|	ath:AT3G20020	0.446	352	182	0	33	362	70	421	4.2599999999999995e-86	286
pid|0000000001009017906|tx|10090|	crb:17893672	0.622	384	142	0	18	394	3	386	5.2139999999999993e-160	501
pid|0000000001009017906|tx|10090|	aly:9319125	0.622	384	142	0	18	394	3	386	5.2139999999999993e-160	501
pid|0000000001009017906|tx|10090|	ath:AT3G17390	0.622	384	142	0	18	394	3	386	5.2139999999999993e-160	501
pid|0000000001009012918|tx|10090|	aly:9303386	0.468	608	321	0	33	637	35	642	3.247e-180	572
pid|0000000001009012925|tx|10090|	aly:9324226	0.395	296	174	0	14	309	19	306	1.427e-62	215
pid|0000000001009012925|tx|10090|	crb:17896534	0.392	296	174	0	14	309	21	308	1.427e-62	215
pid|0000000001009022554|tx|10090|	aly:9319703	0.478	657	338	0	61	708	63	719	1.377e-198	629
pid|0000000001009022811|tx|10090|	ath:AT3G47350	0.313	266	177	0	12	269	3	268	4.076e-30	119
pid|0000000001009023116|tx|10090|	crb:17892940	0.329	551	315	0	29	579	35	505	5.192e-82	284
pid|0000000001009023570|tx|10090|	csat:104703472	0.49	588	296	0	7	587	66	653	1.0409999999999999e-188	595
pid|0000000001009024554|tx|10090|	aly:9320268	0.523	398	189	0	83	479	20	417	6.03e-133	428
pid|0000000001009024554|tx|10090|	ath:AT2G20420	0.521	398	190	0	83	479	20	417	6.03e-133	428
pid|0000000001009024554|tx|10090|	crb:17893189	0.514	415	197	0	73	479	3	417	6.03e-133	428
pid|0000000001009024609|tx|10090|	csat:104720582	0.555	375	163	0	48	422	306	672	8.342e-141	447
pid|0000000001009025303|tx|10090|	crb:17881153	0.427	659	372	0	31	681	30	688	2.8719999999999995e-162	522
pid|0000000000100907987|tx|10090|	aly:9320801	0.288	349	245	0	108	456	64	408	6.458e-30	123
pid|0000000000100906092|tx|10090|	ath:AT5G44450	0.42	219	122	0	11	222	34	252	1.4179999999999998e-54	187
pid|0000000000100906092|tx|10090|	crb:17876613	0.417	218	123	0	11	222	35	252	1.4179999999999998e-54	187
pid|0000000001009025671|tx|10090|	crb:17893307	0.387	532	321	0	47	571	71	602	8.737e-114	376
pid|0000000001009026136|tx|10090|	ath:AT5G09790	0.434	67	37	0	186	251	46	112	2.714e-12	69
pid|0000000001009026136|tx|10090|	aly:9309491	0.434	67	37	0	186	251	46	112	2.714e-12	69
pid|0000000001009026346|tx|10090|	aly:9300320	0.604	43	16	0	295	336	1839	1881	3.422e-7	51
pid|0000000001009026346|tx|10090|	csat:104725863	0.604	43	16	0	295	336	1850	1892	3.422e-7	51
pid|0000000001009026586|tx|10090|	ath:AT1G29900	0.392	1077	650	0	413	1482	89	1165	1.9210000000000002e-244	797
pid|0000000000100908527|tx|10090|	aly:9319436	0.403	314	182	0	72	385	7	312	6.663000000000001e-63	225
pid|0000000001009011617|tx|10090|	aly:9317213	0.581	401	167	0	30	430	30	428	1.3079999999999998e-156	493
pid|0000000001009012797|tx|10090|	aly:9310409	0.351	129	80	0	63	191	576	700	4.885e-11	63
pid|0000000001009017993|tx|10090|	csat:104708256	0.446	194	106	0	85	278	5	197	7.078999999999999e-53	185
pid|0000000001009017993|tx|10090|	csat:104708259	0.446	194	106	0	85	278	5	197	7.078999999999999e-53	185
pid|0000000001009017993|tx|10090|	crb:17881773	0.441	194	107	0	85	278	5	197	7.078999999999999e-53	185
pid|0000000001009017996|tx|10090|	ath:AT3G03310	0.233	372	255	0	39	372	25	396	8.721e-15	74
pid|0000000001009024086|tx|10090|	crb:17883398	0.546	244	104	0	57	300	17	247	8.839999999999998e-86	282
pid|0000000001009027872|tx|10090|	aly:9309722	0.367	383	237	0	16	390	31	413	2.287e-69	238
pid|0000000001009028180|tx|10090|	csat:104725483	0.324	77	46	0	419	495	112	180	1.062e-6	49
pid|0000000001009028180|tx|10090|	crb:17876741	0.324	77	46	0	419	495	112	180	1.062e-6	49
pid|0000000001009028180|tx|10090|	csat:104724368	0.324	77	46	0	419	495	112	180	1.062e-6	49
pid|0000000001009028413|tx|10090|	csat:104729122	0.401	380	225	0	65	441	26	405	1.1099999999999999e-88	297
pid|0000000001009029094|tx|10090|	csat:104726281	0.57	289	119	0	24	300	2	290	3.525e-99	320
pid|0000000001009029119|tx|10090|	csat:104726137	0.485	594	296	0	46	620	5	598	1.1419999999999997e-164	534
pid|0000000001009030766|tx|10090|	csat:104702046	0.284	296	192	0	43	338	151	419	1.105e-33	131
pid|0000000000100902928|tx|10090|	aly:9306167	0.219	1488	1058	0	215	1570	329	1816	4.332e-61	230
pid|0000000000100902671|tx|10090|	csat:104718618	0.556	311	137	0	51	360	42	352	7.885999999999999e-110	354
pid|0000000000100902671|tx|10090|	crb:17880878	0.561	310	135	0	51	359	42	351	7.885999999999999e-110	354
pid|0000000000100905857|tx|10090|	ath:AT5G47680	0.36	300	171	0	25	292	14	313	7.489999999999999e-51	181
pid|0000000000100905857|tx|10090|	crb:17876578	0.36	278	159	0	27	275	19	296	7.489999999999999e-51	181
pid|0000000001009010214|tx|10090|	ath:AT1G22410	0.312	147	94	0	16	162	8	145	3.844e-6	45
pid|0000000000100909739|tx|10090|	crb:17875908	0.373	266	162	0	3	261	35	300	1.3029999999999999e-51	181
pid|0000000000100909739|tx|10090|	ath:AT5G61830	0.375	279	169	0	3	273	34	312	1.3029999999999999e-51	181
pid|0000000001009015772|tx|10090|	crb:17877590	0.373	222	133	0	50	262	35	256	1.524e-41	151
pid|0000000001009015772|tx|10090|	csat:104721404	0.373	222	133	0	50	262	36	257	1.524e-41	151
pid|0000000001009015772|tx|10090|	csat:104729834	0.373	222	133	0	50	262	36	257	1.524e-41	151
pid|0000000001009015772|tx|10090|	aly:9305249	0.373	222	133	0	50	262	37	258	1.524e-41	151
pid|0000000001009015772|tx|10090|	ath:AT4G34050	0.373	222	133	0	50	262	37	258	1.524e-41	151
pid|0000000001009020879|tx|10090|	aly:9306762	0.537	328	150	0	7	331	54	381	1.158e-109	353
pid|0000000001009029935|tx|10090|	csat:104711352	0.264	534	392	0	23	556	108	640	2.297e-43	166
pid|0000000001009029949|tx|10090|	aly:9324999	0.278	180	115	0	113	292	285	444	1.623e-7	50
pid|0000000000100903103|tx|10090|	crb:17899709	0.2	355	268	0	465	819	4	339	1.593e-5	46
pid|0000000000100903388|tx|10090|	ath:AT5G15810	0.412	550	314	0	58	592	11	560	2.3599999999999998e-129	425
pid|0000000000000960611|tx|9606|	ath:AT2G13360	0.305	341	236	0	25	365	12	352	6.598999999999999e-36	139
pid|0000000000000960611|tx|9606|	crb:17893108	0.302	341	237	0	25	365	12	352	6.598999999999999e-36	139
pid|0000000000000960621|tx|9606|	ath:AT5G10920	0.422	452	260	0	2	452	54	505	1.6069999999999997e-111	364
pid|0000000000000960623|tx|9606|	csat:104725133	0.459	394	209	0	7	400	99	485	1.7109999999999998e-115	373
pid|0000000000009606162|tx|9606|	aly:9309722	0.342	406	257	0	6	397	12	417	2.771e-68	235
pid|0000000000009606187|tx|9606|	aly:9299496	0.525	407	190	0	37	436	37	443	9.321e-137	436
pid|0000000000009606237|tx|9606|	csat:104729122	0.396	380	227	0	65	441	26	405	6.080999999999999e-86	289
pid|0000000000009606268|tx|9606|	csat:104724441	0.536	479	221	0	65	542	35	513	9.713999999999999e-170	537
pid|0000000000009606289|tx|9606|	crb:17893672	0.618	383	143	0	18	393	4	386	4.9929999999999994e-160	501
pid|0000000000009606444|tx|9606|	ath:AT5G43940	0.691	370	114	0	4	372	6	375	2.8209999999999995e-174	541
pid|0000000000009606624|tx|9606|	crb:17892770	0.376	94	51	0	33	126	47	128	1.491e-6	44
pid|0000000000009606826|tx|9606|	crb:17898486	0.379	163	101	0	26	188	86	248	1.643e-27	108
pid|0000000000096062427|tx|9606|	aly:9299319	0.274	333	234	0	171	503	176	498	1.1169999999999999e-27	118
pid|0000000000096062427|tx|9606|	ath:AT4G13430	0.27	333	235	0	171	503	177	499	1.1169999999999999e-27	118
pid|0000000000096062427|tx|9606|	csat:104719113	0.274	333	234	0	171	503	177	499	1.1169999999999999e-27	118
pid|0000000000096062427|tx|9606|	crb:17880239	0.273	333	234	0	171	503	180	502	1.1169999999999999e-27	118
pid|0000000000096061930|tx|9606|	ath:AT5G62930	0.455	202	107	0	16	212	3	204	4.809e-51	178
pid|0000000000096061930|tx|9606|	crb:17876532	0.442	208	113	0	10	212	6	213	4.809e-51	178
pid|0000000000096062139|tx|9606|	aly:9322288	0.657	286	98	0	28	313	230	515	8.132999999999999e-132	415
pid|0000000000096062139|tx|9606|	ath:AT4G34570	0.657	286	98	0	28	313	280	565	8.132999999999999e-132	415
pid|0000000000096062139|tx|9606|	csat:104729758	0.657	286	98	0	28	313	290	575	8.132999999999999e-132	415
pid|0000000000096062165|tx|9606|	crb:17879784	0.586	271	111	0	1	270	1	271	1.097e-105	338
pid|0000000000096062165|tx|9606|	csat:104721658	0.586	271	111	0	1	270	1	271	1.097e-105	338
pid|0000000000096062165|tx|9606|	csat:104717011	0.586	271	111	0	1	270	1	271	1.097e-105	338
pid|0000000000096061763|tx|9606|	aly:9311386	0.381	437	268	0	10	446	3	436	1.179e-92	309
pid|0000000000096061794|tx|9606|	crb:17890678	0.563	338	147	0	24	361	17	353	2.403e-130	414
pid|0000000000096069102|tx|9606|	crb:17900907	0.307	303	193	0	27	329	114	392	1.8639999999999998e-36	139
pid|0000000000960611341|tx|9606|	ath:AT5G19180	0.478	402	206	0	35	436	12	406	4.845999999999999e-117	380
pid|0000000000960611287|tx|9606|	ath:AT1G25220	0.252	192	135	0	26	207	73	264	5.616e-11	63
pid|0000000000960611275|tx|9606|	csat:104708265	0.71	297	85	0	50	346	48	341	1.42e-141	445
pid|0000000000960611276|tx|9606|	aly:9320268	0.536	398	184	0	46	442	20	417	5.889e-135	432
pid|0000000000960611276|tx|9606|	ath:AT2G20420	0.533	398	185	0	46	442	20	417	5.889e-135	432
pid|0000000000960611276|tx|9606|	crb:17893189	0.533	398	185	0	46	442	20	417	5.889e-135	432
pid|0000000000960616530|tx|9606|	csat:104713551	0.405	326	187	0	10	325	19	344	6.668999999999999e-66	234
pid|0000000000960615225|tx|9606|	csat:104710332	0.388	488	289	0	12	499	51	523	8.037e-97	324
pid|0000000000960611586|tx|9606|	ath:AT1G77590	0.467	676	359	0	42	717	16	690	2.8179999999999997e-193	614
pid|0000000000960614838|tx|9606|	aly:9315354	0.401	253	150	0	82	334	67	318	1.535e-61	214
pid|0000000000960614900|tx|9606|	aly:9313006	0.247	318	222	0	10	305	6	323	3.236e-16	78
pid|0000000000960614967|tx|9606|	crb:17888772	0.37	785	457	0	1	726	1	785	5.807999999999999e-147	481
pid|0000000000960614615|tx|9606|	crb:17881153	0.457	579	312	0	159	737	114	688	1.0409999999999999e-160	520
pid|0000000000960614570|tx|9606|	ath:AT1G67730	0.418	244	140	0	50	290	51	294	8.915e-64	218
pid|0000000000960610572|tx|9606|	ath:AT3G02360	0.503	470	230	0	6	469	8	477	2.466e-146	466
pid|0000000000960613820|tx|9606|	ath:AT5G53460	0.243	214	161	0	232	445	1583	1796	8.903e-7	49
pid|0000000000960612560|tx|9606|	crb:17890130	0.478	279	140	0	8	286	10	278	8.87e-81	268
pid|0000000000096062905|tx|9606|	aly:9321193	0.393	533	317	0	46	569	68	600	2.946e-115	380
pid|0000000000096063971|tx|9606|	crb:17891068	0.272	451	298	0	13	423	25	475	1.4339999999999998e-47	175
pid|0000000000096063971|tx|9606|	aly:9320156	0.271	450	298	0	14	423	26	475	1.4339999999999998e-47	175
pid|0000000000096063911|tx|9606|	crb:17880878	0.551	310	138	0	51	359	42	351	9.306e-108	348
pid|0000000000096063089|tx|9606|	crb:17876824	0.313	1290	837	0	326	1615	306	1524	6.017999999999999e-177	599
pid|0000000000096063147|tx|9606|	crb:17876578	0.318	320	211	0	22	331	14	333	2.463e-49	177
pid|0000000000096063232|tx|9606|	csat:104705865	0.399	573	329	0	55	602	9	581	4.794999999999999e-128	421
pid|0000000000096063740|tx|9606|	csat:104712125	0.226	350	255	0	74	423	70	400	8.707e-13	68
pid|0000000000096068129|tx|9606|	ath:AT1G18640	0.5	226	112	0	1	224	70	295	2.24e-68	227
pid|0000000000960610046|tx|9606|	crb:17884046	0.26	265	188	0	488	742	469	733	6.232e-18	86
pid|0000000000960610109|tx|9606|	csat:104712372	0.447	360	197	0	36	395	111	468	4.499e-99	325
pid|0000000000960622479|tx|9606|	aly:9327675	0.372	308	190	0	137	444	32	335	1.0109999999999997e-54	199
pid|0000000000960621419|tx|9606|	crb:17889023	0.37	284	170	0	1077	1360	429	699	8.192e-45	176
pid|0000000000960610150|tx|9606|	ath:AT4G29010	0.345	698	455	0	8	705	13	708	2.243e-122	407
pid|0000000000960610017|tx|9606|	ath:AT5G61830	0.379	276	166	0	6	273	37	312	2.677e-52	183
pid|0000000000096069936|tx|9606|	aly:9299043	0.447	306	162	0	7	312	10	303	1.3789999999999999e-80	267
pid|0000000000096069899|tx|9606|	ath:AT4G29510	0.563	348	151	0	25	371	43	390	7.694999999999999e-134	424
pid|0000000000960615544|tx|9606|	aly:9311022	0.308	460	312	0	15	474	5	456	4.801e-55	199
pid|0000000000960615637|tx|9606|	crb:17896886	0.321	260	164	0	3	244	15	274	7.693e-31	119
pid|0000000000960615668|tx|9606|	ath:AT2G17900	0.247	471	324	0	1	431	1	471	3.5519999999999994e-46	171
pid|0000000000960615937|tx|9606|	crb:17881231	0.409	288	166	0	45	332	35	316	1.098e-61	213
pid|0000000000960615979|tx|9606|	aly:9307267	0.369	248	156	0	26	273	5	252	2.4529999999999997e-42	154
pid|0000000000960617401|tx|9606|	crb:17892502	0.503	282	140	0	269	550	2	283	7.263e-83	284
pid|0000000000960617430|tx|9606|	ath:AT4G17830	0.243	279	173	0	119	397	88	317	4.589e-5	43
pid|0000000000096064189|tx|9606|	aly:9321144	0.386	305	172	0	27	331	4	284	6.159e-56	196
pid|0000000000096064189|tx|9606|	crb:17891313	0.38	305	174	0	27	331	4	284	6.159e-56	196
pid|0000000000096064259|tx|9606|	ath:AT5G27870	0.389	177	89	0	799	975	582	727	3.844e-15	78
pid|0000000000096064324|tx|9606|	ath:AT5G65780	0.362	299	183	0	57	355	89	376	1.061e-51	186
pid|0000000000096064430|tx|9606|	crb:17881186	0.354	376	240	0	30	401	38	413	8.18e-68	234
pid|0000000000096064466|tx|9606|	crb:111832567	0.618	330	125	0	21	350	4	332	9.835e-131	414
pid|0000000000096064466|tx|9606|	aly:9328278	0.604	344	135	0	7	350	41	382	9.835e-131	414
pid|0000000000096064655|tx|9606|	crb:17890417	0.222	232	150	0	129	322	20	251	2.798e-5	43
pid|0000000000096064873|tx|9606|	csat:104725532	0.508	232	112	0	52	280	47	278	2.875e-66	224
pid|0000000000096065057|tx|9606|	ath:AT4G26600	0.459	630	329	0	53	682	8	617	2.4679999999999996e-167	544
pid|0000000000096066773|tx|9606|	ath:AT3G55610	0.474	729	373	0	64	792	8	718	2.8839999999999997e-199	635
pid|0000000000096068093|tx|9606|	csat:104706745	0.529	51	24	0	1181	1231	30	80	4.589e-12	68
pid|0000000000960613471|tx|9606|	csat:104708256	0.456	194	104	0	85	278	5	197	1.4549999999999998e-53	187
pid|0000000000960613471|tx|9606|	csat:104708259	0.456	194	104	0	85	278	5	197	1.4549999999999998e-53	187
pid|0000000000960613471|tx|9606|	crb:17881773	0.451	194	105	0	85	278	5	197	1.4549999999999998e-53	187
pid|0000000000960611438|tx|9606|	aly:9303311	0.621	455	169	0	26	480	83	529	2.125e-186	582
pid|0000000000960613525|tx|9606|	crb:17882921	0.438	196	107	0	21	211	16	211	4.299e-46	162
pid|0000000000960613525|tx|9606|	crb:17890637	0.443	196	106	0	21	211	16	211	4.299e-46	162
pid|0000000000960613572|tx|9606|	aly:9307702	0.451	266	143	0	3	268	13	273	9.627e-67	227
pid|0000000000960613723|tx|9606|	aly:9304959	0.272	228	159	0	26	253	93	311	2.726e-17	80
pid|0000000000960613737|tx|9606|	aly:9326774	0.399	256	149	0	4	259	69	317	4.105e-49	173
pid|0000000000960613296|tx|9606|	csat:104706124	0.463	325	167	0	122	446	41	352	1.768e-83	286
pid|0000000000960613298|tx|9606|	aly:9326080	0.374	251	151	0	7	248	11	261	1.793e-48	171
pid|0000000000960613362|tx|9606|	ath:AT1G79870	0.389	249	147	0	74	322	67	308	9.750999999999999e-46	166
pid|0000000000960613390|tx|9606|	csat:104711352	0.269	559	406	0	4	562	85	640	1.4199999999999998e-46	176
pid|0000000000960613236|tx|9606|	csat:104706348	0.364	218	131	0	22	228	31	248	6.815e-38	139
pid|0000000000960612148|tx|9606|	csat:104706801	0.513	259	120	0	1	259	1	247	2.122e-84	276
pid|0000000000960613877|tx|9606|	crb:17890414	0.523	323	137	0	26	313	24	346	1.06e-110	354
pid|0000000000960614035|tx|9606|	aly:9328088	0.387	307	184	0	5	311	4	304	7.5169999999999995e-59	216
pid|0000000000960614184|tx|9606|	aly:9306762	0.544	328	148	0	7	331	54	381	2.36e-110	355
pid|0000000000960614241|tx|9606|	csat:104724414	0.427	280	153	0	189	456	9	288	9.418000000000001e-63	221
pid|0000000000960614241|tx|9606|	csat:104719715	0.429	279	152	0	189	456	11	289	9.418000000000001e-63	221
pid|0000000000960614450|tx|9606|	ath:AT2G26260	0.404	350	196	0	40	369	12	361	6.288000000000001e-78	262
pid|0000000000096063996|tx|9606|	csat:104706942	0.376	454	270	0	10	463	56	489	6.317e-81	275
pid|0000000000960612244|tx|9606|	crb:17884216	0.555	358	156	0	8	359	14	371	4.316999999999999e-129	410
pid|0000000000960612168|tx|9606|	ath:AT4G37930	0.621	456	172	0	49	503	55	510	3.691e-190	594
pid|0000000000960612168|tx|9606|	crb:17878529	0.622	457	172	0	48	503	54	510	3.691e-190	594
pid|0000000000960611974|tx|9606|	crb:17893981	0.51	682	332	0	1	682	1	679	3.0509999999999995e-224	702
pid|0000000000960612223|tx|9606|	crb:17890090	0.395	627	365	0	14	640	9	612	1.1449999999999999e-128	422
pid|0000000000960612224|tx|9606|	csat:104725570	0.33	334	208	0	8	341	3	314	5.766e-52	185
pid|0000000000096065629|tx|9606|	ath:AT5G09790	0.405	67	38	0	167	231	46	112	2.593e-12	69
pid|0000000000096065647|tx|9606|	ath:AT5G44450	0.429	219	120	0	11	222	34	252	2.8859999999999997e-55	189
pid|0000000000096065647|tx|9606|	crb:17876613	0.426	218	121	0	11	222	35	252	2.8859999999999997e-55	189
pid|0000000000096065673|tx|9606|	ath:AT1G77670	0.368	411	238	0	101	511	58	434	5.911e-80	274
pid|0000000000096065955|tx|9606|	crb:17897569	0.36	348	200	0	351	664	57	404	1.055e-57	212
pid|0000000000096066024|tx|9606|	ath:AT1G62850	0.379	143	88	0	60	202	87	228	1.206e-27	109
pid|0000000000096066024|tx|9606|	csat:104703894	0.379	143	88	0	60	202	88	229	1.206e-27	109
pid|0000000000096066373|tx|9606|	csat:104723213	0.536	149	68	0	1	148	47	195	1.333e-50	175
pid|0000000000960616906|tx|9606|	crb:17897963	0.277	166	117	0	211	373	189	354	2.245e-5	44
pid|0000000000960612108|tx|9606|	csat:104712838	0.471	493	260	0	3	495	55	547	3.2529999999999997e-139	446
pid|0000000000096069575|tx|9606|	csat:104707037	0.317	102	66	0	119	220	159	255	4.508e-9	58
pid|0000000000096069575|tx|9606|	crb:17884584	0.31	102	66	0	119	220	164	260	4.508e-9	58
pid|0000000000096069575|tx|9606|	ath:AT5G27650	0.31	102	66	0	119	220	168	264	4.508e-9	58
pid|0000000000096069582|tx|9606|	crb:17896142	0.432	303	170	0	40	342	70	370	4.474e-73	247
pid|0000000000096069619|tx|9606|	aly:9300320	0.604	43	16	0	294	335	1839	1881	6.893e-7	50
pid|0000000000096069619|tx|9606|	csat:104725863	0.604	43	16	0	294	335	1850	1892	6.893e-7	50
pid|0000000000096069685|tx|9606|	aly:9301055	0.342	331	209	0	55	385	83	400	9.579e-51	184
pid|0000000000096069685|tx|9606|	aly:9312058	0.345	331	208	0	55	385	85	403	9.579e-51	184
pid|0000000000096069685|tx|9606|	csat:104711489	0.348	331	207	0	55	385	88	406	9.579e-51	184
pid|0000000000096069692|tx|9606|	crb:17897671	0.35	270	174	0	97	366	61	328	6.056999999999999e-47	171
pid|0000000000960610972|tx|9606|	ath:AT5G06460	0.454	1059	574	0	2	1053	14	1072	2.505e-296	930
pid|0000000000960610844|tx|9606|	csat:104726916	0.47	344	179	0	9	347	18	361	3.1079999999999995e-100	326
pid|0000000000960610418|tx|9606|	crb:17882467	0.534	536	249	0	15	549	49	584	7.388999999999999e-187	588
pid|0000000000960610193|tx|9606|	csat:104719332	0.368	300	188	0	8	307	30	328	1.237e-57	201
pid|0000000000960610216|tx|9606|	aly:9317213	0.581	401	167	0	30	430	30	428	6.427999999999999e-156	491
pid|0000000000960610279|tx|9606|	crb:17897825	0.688	408	126	0	42	449	4	409	1.4939999999999997e-193	601
pid|0000000000960610279|tx|9606|	aly:9330628	0.686	408	127	0	42	449	4	409	1.4939999999999997e-193	601
pid|0000000000960610279|tx|9606|	ath:AT1G54340	0.686	408	127	0	42	449	4	409	1.4939999999999997e-193	601
pid|0000000000960611450|tx|9606|	csat:104721269	0.27	331	228	0	304	616	35	365	3.639e-17	83
pid|0000000000960611562|tx|9606|	crb:17883675	0.386	390	227	0	2	391	13	382	7.082e-74	251
pid|0000000000096066998|tx|9606|	aly:9320108	0.505	331	162	0	50	380	39	366	3.6389999999999996e-103	336
pid|0000000000960612471|tx|9606|	aly:9330491	0.579	335	139	0	3	333	4	338	1.182e-121	387
pid|0000000000960612503|tx|9606|	crb:17879599	0.435	61	32	0	50	106	20	80	4.391e-5	43
pid|0000000000096067270|tx|9606|	ath:AT3G56120	0.322	466	265	0	114	505	3	468	1.328e-74	259
pid|0000000000096067270|tx|9606|	crb:17884782	0.316	471	267	0	114	505	3	473	1.328e-74	259
pid|0000000000096067330|tx|9606|	ath:AT2G40600	0.457	171	90	0	72	238	82	252	4.644e-38	147
pid|0000000000096067330|tx|9606|	aly:9317795	0.409	200	115	0	39	238	98	293	4.644e-38	147
pid|0000000000096067358|tx|9606|	csat:104727146	0.413	530	298	0	1	530	1	509	1.0189999999999998e-111	369
pid|0000000000096067358|tx|9606|	ath:AT5G65010	0.415	530	298	0	1	530	1	510	1.0189999999999998e-111	369
pid|0000000000096067604|tx|9606|	ath:AT2G43100	0.461	52	27	0	767	817	139	190	9.308e-5	43
pid|0000000000096067980|tx|9606|	ath:AT1G29900	0.394	1073	645	0	424	1489	89	1161	2.8029999999999996e-242	791
pid|0000000000960611653|tx|9606|	crb:17892940	0.351	528	332	0	29	556	35	547	4.552e-96	323
pid|0000000000960612709|tx|9606|	crb:111830519	0.514	206	98	0	43	244	97	302	1.68e-62	211
pid|0000000000960616736|tx|9606|	aly:9303116	0.322	299	196	0	33	322	9	307	2.296e-40	150
pid|0000000000960612880|tx|9606|	crb:17890955	0.391	488	286	0	23	492	69	556	5.661e-92	310
pid|0000000000960612880|tx|9606|	crb:17877552	0.38	494	299	0	9	492	63	556	5.661e-92	310
pid|0000000000960612880|tx|9606|	aly:9319958	0.383	488	289	0	23	492	69	556	5.661e-92	310
pid|0000000000960612963|tx|9606|	csat:104708138	0.298	155	101	0	260	404	68	222	1.619e-12	70
pid|0000000000960615064|tx|9606|	aly:9310876	0.405	340	171	0	102	441	715	1002	3.42e-79	269
pid|0000000000960616198|tx|9606|	aly:9320840	0.337	293	192	0	26	318	110	399	1.764e-39	148
pid|0000000000960616099|tx|9606|	crb:17886541	0.53	49	20	0	178	220	27	75	2.224e-6	49
pid|0000000000960616031|tx|9606|	crb:17875342	0.657	426	143	0	40	457	32	457	1.542e-186	581
pid|0000000000960617464|tx|9606|	ath:AT1G24360	0.409	242	137	0	4	235	78	319	3.421e-50	175
pid|0000000000960615150|tx|9606|	ath:AT3G20020	0.452	342	173	0	44	359	80	421	7.803999999999999e-87	288
pid|0000000000960621448|tx|9606|	csat:104726281	0.537	264	116	0	53	304	27	290	3.282e-83	274
pid|0000000000096061511|tx|9606|	ath:AT5G10700	0.476	125	65	0	16	140	61	185	3.309e-33	121
pid|0000000000960626358|tx|9606|	aly:9307007	0.594	301	114	0	1	282	1	301	1.904e-115	369
pid|0000000000960626358|tx|9606|	csat:104708967	0.598	301	113	0	1	282	1	301	1.904e-115	369
pid|0000000000960626358|tx|9606|	crb:17882111	0.598	301	113	0	1	282	1	301	1.904e-115	369
pid|0000000000960621483|tx|9606|	ath:AT5G04970	0.474	59	31	0	541	599	26	84	2.769e-10	63
pid|0000000000960622059|tx|9606|	crb:17882618	0.287	794	508	0	33	746	32	825	1.359e-83	293
pid|0000000000960617100|tx|9606|	crb:17897761	0.404	297	167	0	40	321	16	312	1.0159999999999999e-59	207
pid|0000000000960617127|tx|9606|	aly:9302946	0.456	462	237	0	46	507	46	482	2.648e-130	421
pid|0000000000960617239|tx|9606|	crb:17896815	0.265	401	290	0	77	477	50	444	2.728e-34	138
pid|0000000000960617278|tx|9606|	ath:AT5G57300	0.548	290	126	0	38	327	10	288	6.835999999999999e-95	309
pid|0000000000960618728|tx|9606|	csat:104704285	0.349	454	227	0	58	407	43	496	1.526e-83	280
pid|0000000000960619099|tx|9606|	aly:9302054	0.25	324	240	0	90	413	32	352	6.745e-25	106
pid|0000000000960619099|tx|9606|	ath:AT5G53580	0.25	324	240	0	90	413	36	356	6.745e-25	106
pid|0000000000960612084|tx|9606|	csat:104724423	0.52	339	161	0	5	340	58	396	4.813e-110	354
pid|0000000000960619537|tx|9606|	aly:9320802	0.275	349	250	0	101	449	76	421	5.977999999999999e-30	123
pid|0000000000960619690|tx|9606|	ath:AT3G47350	0.311	283	187	0	7	279	10	292	6.11e-32	124
pid|0000000000096065472|tx|9606|	crb:17882273	0.433	270	150	0	26	295	9	273	2.637e-65	224
pid|0000000000960617879|tx|9606|	ath:AT4G35630	0.51	363	175	0	6	368	72	429	1.5339999999999998e-115	371
pid|0000000000960617879|tx|9606|	csat:104729639	0.508	363	176	0	6	368	72	429	1.5339999999999998e-115	371
pid|0000000000960622905|tx|9606|	csat:104727046	0.318	233	156	0	94	326	135	364	4.771999999999999e-22	96
pid|0000000000960618228|tx|9606|	ath:AT5G63010	0.345	328	196	0	13	340	9	308	1.137e-51	188
pid|0000000000960618251|tx|9606|	ath:AT5G65860	0.392	132	77	0	39	170	134	260	9.23e-21	90
pid|0000000000960618336|tx|9606|	csat:104722971	0.372	228	138	0	12	231	688	915	6.752e-39	148
pid|0000000000960618337|tx|9606|	aly:9305249	0.376	224	135	0	46	262	35	258	1.335e-43	157
pid|0000000000960618337|tx|9606|	ath:AT4G34050	0.376	224	135	0	46	262	35	258	1.335e-43	157
pid|0000000000960618660|tx|9606|	crb:17883958	0.451	305	154	0	4	284	10	314	8.34e-74	246
pid|0000000000096064044|tx|9606|	aly:9303558	0.266	356	247	0	3	358	16	352	5.743e-21	93
pid|0000000000960618874|tx|9606|	aly:9305992	0.501	299	143	0	42	328	41	339	6.675e-90	295
pid|0000000000960624854|tx|9606|	aly:9327244	0.303	224	155	0	22	245	88	310	8.11e-30	116
pid|0000000000960623068|tx|9606|	csat:104720582	0.517	367	170	0	203	555	306	672	3.9739999999999997e-125	408
pid|0000000000960622654|tx|9606|	aly:9304552	0.554	700	288	0	31	730	94	739	7.728999999999999e-260	808
pid|0000000000960626559|tx|9606|	csat:104706745	0.3	153	90	0	1976	2128	31	160	7.405e-12	68
pid|0000000000960620082|tx|9606|	ath:AT3G06930	0.482	381	186	0	116	475	105	485	1.0289999999999998e-111	371
pid|0000000000096061546|tx|9606|	csat:104714412	0.488	586	296	0	9	587	67	652	1.0409999999999999e-188	595
pid|0000000000096061561|tx|9606|	ath:AT5G16870	0.5	160	80	0	20	179	9	168	3.45e-42	149
pid|0000000000096061561|tx|9606|	crb:17884374	0.505	162	79	0	20	179	9	170	3.45e-42	149
pid|0000000000960620622|tx|9606|	csat:104716236	0.347	117	75	0	56	171	96	212	3.079e-11	64
pid|0000000000960620622|tx|9606|	csat:104720874	0.285	166	117	0	6	171	51	215	3.079e-11	64
pid|0000000000960620622|tx|9606|	csat:104729268	0.285	166	117	0	6	171	98	262	3.079e-11	64
pid|0000000000960620924|tx|9606|	csat:104724283	0.61	469	180	0	19	481	3	471	4.9659999999999994e-188	588
pid|0000000000960621229|tx|9606|	aly:9306167	0.299	505	334	0	1134	1611	1312	1816	1.0749999999999997e-54	209
pid|0000000000960621253|tx|9606|	crb:17882998	0.376	77	47	0	864	939	9	85	2.727e-13	72
pid|0000000000960622696|tx|9606|	csat:104723686	0.398	288	169	0	118	405	28	309	4.746e-57	208
pid|0000000000960622696|tx|9606|	crb:17878371	0.398	288	169	0	118	405	28	309	4.746e-57	208
pid|0000000000960622696|tx|9606|	csat:104718926	0.398	288	169	0	118	405	28	309	4.746e-57	208
pid|0000000000960622696|tx|9606|	ath:AT2G43750	0.397	289	170	0	112	400	92	374	4.746e-57	208
pid|0000000000960622696|tx|9606|	aly:9317995	0.397	289	170	0	112	400	92	374	4.746e-57	208
pid|0000000000960622696|tx|9606|	crb:17887891	0.407	289	167	0	112	400	92	374	4.746e-57	208
pid|0000000000960625478|tx|9606|	aly:9308557	0.447	331	158	0	41	371	42	328	8.428e-84	282
pid|0000000000960622342|tx|9606|	ath:AT4G19860	0.244	297	186	0	155	401	104	400	2.936e-16	79
pid|0000000000960622350|tx|9606|	csat:104723449	0.319	633	427	0	2	629	44	676	2.276e-81	285
pid|0000000000096061329|tx|9606|	aly:9308335	0.467	577	305	0	143	719	115	687	5.0109999999999995e-163	526
pid|0000000000960624515|tx|9606|	ath:AT1G16350	0.464	495	264	0	90	584	5	497	6.883e-139	451
pid|0000000000960624697|tx|9606|	crb:17892847	0.477	657	338	0	67	714	63	719	3.5599999999999995e-199	631
pid|0000000000960623375|tx|9606|	crb:17894738	0.566	424	181	0	484	907	172	589	4.254e-148	490
pid|0000000000960623408|tx|9606|	crb:17886001	0.275	264	185	0	140	395	61	324	9.311e-16	80
pid|0000000000960623845|tx|9606|	aly:9300320	0.675	37	12	0	392	428	1845	1881	6.449e-7	50
pid|0000000000960623845|tx|9606|	csat:104725863	0.675	37	12	0	392	428	1856	1892	6.449e-7	50
pid|0000000000960612584|tx|9606|	aly:9303386	0.472	608	319	0	33	637	35	642	6.648999999999999e-181	574
pid|0000000000960618714|tx|9606|	ath:AT1G73600	0.262	180	117	0	63	242	269	428	8.921e-6	44
pid|0000000000960618714|tx|9606|	crb:17894561	0.262	180	117	0	63	242	282	441	8.921e-6	44
pid|0000000000960618714|tx|9606|	aly:9324999	0.267	180	117	0	63	242	285	444	8.921e-6	44
